{"cameraMode":{"drawMode":0,"name":"Shaded","section":"Shading Mode"},"sceneLighting":true,"audioPlay":false,"sceneViewState":{"showFog":true,"showMaterialUpdate":false,"showSkybox":true,"showFlares":true,"showImageEffects":true,"showParticleSystems":true},"in2DMode":false,"pivot":{"x":-21.119144439697267,"y":-43.95686721801758,"z":88.92410278320313},"rotation":{"x":-0.0018090622033923865,"y":0.026094261556863786,"z":-0.000047105080739129335,"w":-0.9996589422225952},"size":27.627958297729493,"orthographic":false}