{"cameraMode":{"drawMode":0,"name":"Shaded","section":"Shading Mode"},"sceneLighting":true,"audioPlay":false,"sceneViewState":{"showFog":true,"showMaterialUpdate":false,"showSkybox":true,"showFlares":true,"showImageEffects":true,"showParticleSystems":true},"in2DMode":false,"pivot":{"x":-0.38669008016586306,"y":1.468193769454956,"z":-3.1502010822296144},"rotation":{"x":-0.05575665086507797,"y":-0.029352840036153795,"z":0.0016399933956563473,"w":-0.9980123043060303},"size":1.6471164226531983,"orthographic":false}